1067	src/Cloud.cpp
858	src/Generalized-Core-Counter.cpp
775	src/MyPersistentData.cpp
765	src/MyPersistentData.h
690	src/state/State_Sleep.cpp
690	src/SensorManager.cpp
334	src/Cloud.h
277	src/state/State_Connect.cpp
246	src/state/State_Idle.cpp
231	src/state/State_Report.cpp
192	src/PIRSensor.h
189	src/ISensor.h
169	src/state/State_Modes.cpp
162	src/state/State_Error.cpp
144	src/SensorManager.h
140	src/device_pinout.cpp
119	src/SensorFactory.h
116	src/device_pinout.h
95	src/AB1805-Test.cpp.reference
68	src/Particle_Functions.h
66	src/Particle_Functions.cpp
62	src/StateMachine.h
50	src/SensorDefinitions.h
50	src/Config.h
36	src/Connectivity.h
29	src/state/State_Common.h
23	src/Version.h
18	src/ProjectConfig.h
17	src/StateManager.h
16	src/StateHandlers.h
14	src/PIRSensor.cpp
9	src/StateHandlers.cpp
7	src/Version.cpp
0	src/SensorData.h
